[
    {
        "id": 1,
        "name": "Wireless Bluetooth Headphones",
        "description": "Premium noise-canceling headphones with 30-hour battery life and crystal-clear sound quality. Perfect for music lovers and professionals.",
        "price": 129.99,
        "image": "https://images.unsplash.com/photo-1505740420928-5e560c06d30e?w=400&h=300&fit=crop",
        "category": "Electronics",
        "rating": 4.8,
        "reviews": 1247,
        "inStock": true,
        "tags": ["wireless", "bluetooth", "noise-canceling", "premium"]
    },
    {
        "id": 2,
        "name": "Smart Fitness Watch",
        "description": "Advanced fitness tracker with heart rate monitoring, GPS tracking, and 7-day battery life. Tracks workouts, sleep, and daily activity.",
        "price": 199.99,
        "image": "https://images.unsplash.com/photo-1523275335684-37898b6baf30?w=400&h=300&fit=crop",
        "category": "Electronics",
        "rating": 4.6,
        "reviews": 892,
        "inStock": true,
        "tags": ["fitness", "smartwatch", "health", "tracking"]
    },
    {
        "id": 3,
        "name": "Organic Cotton T-Shirt",
        "description": "Comfortable and sustainable t-shirt made from 100% organic cotton. Available in multiple colors and sizes. Perfect for everyday wear.",
        "price": 24.99,
        "image": "https://images.unsplash.com/photo-1521572163474-6864f9cf17ab?w=400&h=300&fit=crop",
        "category": "Clothing",
        "rating": 4.5,
        "reviews": 567,
        "inStock": true,
        "tags": ["organic", "cotton", "sustainable", "comfortable"]
    },
    {
        "id": 4,
        "name": "Stainless Steel Water Bottle",
        "description": "Insulated water bottle that keeps drinks cold for 24 hours or hot for 12 hours. BPA-free and eco-friendly design.",
        "price": 34.99,
        "image": "https://images.unsplash.com/photo-1602143407151-7111542de6e8?w=400&h=300&fit=crop",
        "category": "Home & Garden",
        "rating": 4.7,
        "reviews": 1234,
        "inStock": true,
        "tags": ["insulated", "eco-friendly", "bpa-free", "durable"]
    },
    {
        "id": 5,
        "name": "Portable Bluetooth Speaker",
        "description": "Waterproof portable speaker with 360-degree sound and 20-hour battery life. Perfect for outdoor adventures and parties.",
        "price": 79.99,
        "image": "https://images.unsplash.com/photo-1608043152269-423dbba4e7e1?w=400&h=300&fit=crop",
        "category": "Electronics",
        "rating": 4.4,
        "reviews": 756,
        "inStock": true,
        "tags": ["portable", "waterproof", "bluetooth", "outdoor"]
    },
    {
        "id": 6,
        "name": "Ceramic Coffee Mug Set",
        "description": "Set of 4 beautiful ceramic coffee mugs with modern design. Microwave and dishwasher safe. Perfect for home or office.",
        "price": 29.99,
        "image": "https://images.unsplash.com/photo-1513558161293-cdaf765ed2fd?w=400&h=300&fit=crop",
        "category": "Home & Garden",
        "rating": 4.3,
        "reviews": 432,
        "inStock": true,
        "tags": ["ceramic", "coffee", "set", "modern"]
    },
    {
        "id": 7,
        "name": "Yoga Mat Premium",
        "description": "Non-slip yoga mat made from eco-friendly materials. Perfect thickness for comfort and stability during practice.",
        "price": 49.99,
        "image": "https://images.unsplash.com/photo-1544367567-0f2fcb009e0b?w=400&h=300&fit=crop",
        "category": "Sports",
        "rating": 4.6,
        "reviews": 678,
        "inStock": true,
        "tags": ["yoga", "non-slip", "eco-friendly", "premium"]
    },
    {
        "id": 8,
        "name": "LED Desk Lamp",
        "description": "Adjustable LED desk lamp with touch controls and multiple brightness levels. Energy-efficient and eye-friendly lighting.",
        "price": 39.99,
        "image": "https://images.unsplash.com/photo-1507473885765-e6ed057f782c?w=400&h=300&fit=crop",
        "category": "Home & Garden",
        "rating": 4.2,
        "reviews": 345,
        "inStock": true,
        "tags": ["led", "adjustable", "energy-efficient", "desk"]
    }
] 